gender,reading score,writing score,math score
female,72.60810810810811,72.46718146718146,63.633204633204635
male,65.47302904564316,63.31120331950208,68.72821576763485
